failure_mode,corruption_level_pct,replicates,oracle_evaluable_replicates,purpose
clinical_unit_overlap,0,500,500,test setting; detection rate not reported
clinical_unit_overlap,1,500,500,test setting; detection rate not reported
clinical_unit_overlap,2,500,500,test setting; detection rate not reported
clinical_unit_overlap,5,500,500,test setting; detection rate not reported
clinical_unit_overlap,10,500,500,test setting; detection rate not reported
clinical_unit_overlap,20,500,500,test setting; detection rate not reported
clinical_unit_overlap,40,500,500,test setting; detection rate not reported
exact_content_duplication,0,500,500,test setting; detection rate not reported
exact_content_duplication,1,500,500,test setting; detection rate not reported
exact_content_duplication,2,500,500,test setting; detection rate not reported
exact_content_duplication,5,500,500,test setting; detection rate not reported
exact_content_duplication,10,500,500,test setting; detection rate not reported
exact_content_duplication,20,500,500,test setting; detection rate not reported
exact_content_duplication,40,500,500,test setting; detection rate not reported
missing_endpoint_support,0,500,500,test setting; detection rate not reported
missing_endpoint_support,1,500,500,test setting; detection rate not reported
missing_endpoint_support,2,500,500,test setting; detection rate not reported
missing_endpoint_support,5,500,500,test setting; detection rate not reported
missing_endpoint_support,10,500,500,test setting; detection rate not reported
missing_endpoint_support,20,500,500,test setting; detection rate not reported
missing_endpoint_support,40,500,500,test setting; detection rate not reported
missing_source_position,0,500,500,test setting; detection rate not reported
missing_source_position,1,500,500,test setting; detection rate not reported
missing_source_position,2,500,500,test setting; detection rate not reported
missing_source_position,5,500,500,test setting; detection rate not reported
missing_source_position,10,500,500,test setting; detection rate not reported
missing_source_position,20,500,500,test setting; detection rate not reported
missing_source_position,40,500,500,test setting; detection rate not reported
